timestamp,sample_id,moteur_id,rpm,vib_rms,vib_peak,vib_kurtosis,fft_dominant_freq,fft_max_amplitude,fft_total_power,current_rms,current_thd,temperature,label,anomaly_type
2026-02-19 10:48:48.623037,97,MOT_010,1459.6954858923386,1.4504278734012526,2.468093790746622,1.4928865015304833,24.0,816.5813172858374,1052312.4023133547,8.514039970997148,5.391666048076949,55.78860584650141,NORMAL,NONE
2026-02-19 10:56:28.623037,167,MOT_006,1483.6772112852443,6.3083750614643765,10.331160471334721,2.5863746152636873,25.0,902.9082785173035,38294302.70548477,8.53615263292011,8.863194753484793,64.86527939975417,ANOMALY,DEFAUT_ROULEMENT
2026-02-19 10:54:18.623037,130,MOT_006,1475.7443859456841,1.4438003943554008,2.774758788004314,1.5275063540781713,25.0,769.7190564395381,1042741.6186424145,8.509310058778295,5.436292097000402,53.47493636652765,NORMAL,NONE
2026-02-19 10:37:28.623037,29,MOT_001,1462.1406203143715,1.4447028682244443,2.449346493172266,1.5052040335436512,24.0,765.2226124156134,1043770.5348816904,8.511072988487166,5.4351947918514325,51.857066525353446,NORMAL,NONE
2026-02-19 10:41:38.623037,54,MOT_008,1489.8862163380716,1.443411560794798,2.387839083628111,1.4963586133721187,25.0,962.2115983221389,1042056.0885817416,8.50484970114452,5.491361625597464,51.00033463435567,NORMAL,NONE
2026-02-19 10:56:58.623037,170,MOT_006,1475.0344693634936,6.333161857860832,10.255362467198777,2.5762954239049156,25.0,770.0949223356275,38613254.741727516,8.531714713038022,8.903324113828534,66.11621035200429,ANOMALY,DEFAUT_ROULEMENT
2026-02-19 10:47:08.623037,87,MOT_005,1480.4289389576957,1.4466030280985485,2.3772637111745216,1.5084716261683793,25.0,856.9197760604645,1046436.9759712595,8.512402751681755,5.457643219701983,56.601094954036405,NORMAL,NONE
2026-02-19 10:52:08.623037,117,MOT_004,1462.674179040889,1.453634366480814,2.4708923156423017,1.4978391059755496,24.0,760.3060819482143,1056892.2541477757,8.509641222363419,5.438376956987834,53.70863208594074,NORMAL,NONE
2026-02-19 10:57:38.623037,198,MOT_001,1487.70762523109,1.6830490989726201,3.390515476531836,1.7190262286552822,25.0,1091.0234509092,1416400.0473142245,8.543179480199013,8.93218975655381,81.98504909790475,ANOMALY,SURCHAUFFE
2026-02-19 10:57:58.623037,188,MOT_004,1420.428164964366,2.3199490659874082,3.9365762294139643,1.6121347788820275,24.0,1371.63304304851,2691670.575271119,15.752690056717869,16.97315472176119,73.5035033014221,ANOMALY,SURCHARGE_ELECTRIQUE
2026-02-19 10:44:48.623037,73,MOT_002,1452.5418627847837,1.4464080668301194,2.620519485834328,1.498585414540913,24.0,914.7526665492115,1046096.1127971279,8.509349713382214,5.471720477834701,54.055222047126364,NORMAL,NONE
2026-02-19 10:56:08.623037,177,MOT_007,1435.8679084366918,2.309756470978908,3.9475308782602383,1.6004981283412716,24.0,1595.7755430441207,2667538.941677654,15.766230430739142,17.034040424526715,76.83214329674564,ANOMALY,SURCHARGE_ELECTRIQUE
2026-02-19 10:56:18.623037,190,MOT_010,1481.095293357441,1.6763006449417759,3.18760561959137,1.6587787182247766,25.0,988.827419496203,1405342.2524523453,8.53907696912768,8.764903846701934,86.08343514931843,ANOMALY,SURCHAUFFE
2026-02-19 10:45:48.623037,79,MOT_010,1454.7737302301064,1.4367801165240046,2.5570307119075055,1.5018126271842658,24.0,877.5483301616607,1032312.0229062471,8.507017341126264,5.453722957105763,53.47589493077639,NORMAL,NONE
2026-02-19 10:40:48.623037,49,MOT_003,1477.8590945583333,1.4451720636333014,2.5146319067702247,1.5251622350809872,25.0,806.9048845725064,1044307.2351684925,8.50934934831838,5.484154043352704,54.99645877333189,NORMAL,NONE
2026-02-19 10:52:28.623037,119,MOT_004,1487.700170430079,1.4380903218815053,2.470201221085459,1.5138192047654833,25.0,938.7450859039353,1034239.4307429004,8.511372719731058,5.495686505892343,58.525708154433424,NORMAL,NONE
2026-02-19 10:36:08.623037,21,MOT_008,1464.5059046610356,1.4523610118850572,2.4979199025943384,1.5178575069792626,24.0,725.1503334736348,1055039.4047546107,8.513778903577732,5.444871975234199,53.500021244660594,NORMAL,NONE
2026-02-19 10:36:48.623037,25,MOT_009,1453.06207833107,1.4539683187923937,2.524611408193317,1.508089689429175,24.0,913.300461278587,1057071.4074430333,8.509986351209212,5.441762577797584,53.62367363702748,NORMAL,NONE
2026-02-19 10:39:48.623037,43,MOT_004,1465.096971031071,1.459816901561264,2.551015276170126,1.5246917354585348,24.0,719.919590127821,1065811.2020842205,8.50930977159393,5.504524988003171,56.1419412402479,NORMAL,NONE
2026-02-19 10:55:48.623037,139,MOT_002,1488.0219556196773,1.4472541402866237,2.4884965747244445,1.527057581683903,25.0,949.2184347798532,1047312.6282860565,8.51064095565841,5.46777728793707,52.923632313619514,NORMAL,NONE
2026-02-19 10:56:28.623037,155,MOT_008,1448.289402964338,3.910284267949292,6.326039779751671,1.5371823727251595,24.0,2629.769224809943,7645658.743853004,8.545589704557818,8.875397745644769,65.21531676424742,ANOMALY,DESEQUILIBRE
2026-02-19 10:50:28.623037,107,MOT_004,1454.1280707894007,1.4441549950515002,2.56358183926062,1.5082027103310507,24.0,889.6031505020007,1042968.9206692849,8.513495798928421,5.4551177112889055,53.829043447040114,NORMAL,NONE
2026-02-19 10:56:48.623037,157,MOT_008,1497.5282075730365,3.910513433349747,6.398687621002858,1.5338604487206462,25.0,2748.3762335885967,7646203.3702911,8.532528503483757,8.856046924881381,60.12048695988486,ANOMALY,DESEQUILIBRE
2026-02-19 10:36:28.623037,23,MOT_002,1463.114023429848,1.4467231010362371,2.4622235750578643,1.5189489279176442,24.0,746.370608577237,1046829.2073386175,8.50584860497269,5.5227058094907235,54.32752178817756,NORMAL,NONE
2026-02-19 10:32:58.623037,2,MOT_009,1474.139723841735,1.4347796529439307,2.5423170021476555,1.513155730444971,25.0,735.2703436757545,1029657.2339213724,8.510078135958503,5.382569840345129,52.15263472623215,NORMAL,NONE
2026-02-19 10:36:38.623037,24,MOT_004,1467.788491116525,1.449041562925502,2.408111018523272,1.5021635899747579,24.0,663.7722593950788,1050005.54166229,8.506625972009877,5.421131588558405,53.071393297071786,NORMAL,NONE
2026-02-19 10:35:18.623037,16,MOT_002,1478.9405007235714,1.4592803630786206,2.484638318306779,1.5027759716218843,25.0,835.6068999615131,1065184.738582333,8.51050035266574,5.40101306243917,55.59593227697864,NORMAL,NONE
2026-02-19 10:57:28.623037,149,MOT_001,1484.8912152940018,3.7824786362524185,8.830444407082378,3.042597363324485,50.0,1371.077649043057,7153946.655008115,8.538768331176811,8.886082720741529,63.42721731898222,ANOMALY,DESALIGNEMENT
2026-02-19 10:52:48.623037,121,MOT_005,1488.8145729651835,1.4468702611933364,2.451731157903544,1.5034372690103075,25.0,956.7298971413351,1046727.9174960568,8.514638777469658,5.4425748008128965,57.62822794206515,NORMAL,NONE
2026-02-19 10:56:28.623037,191,MOT_001,1450.7042453184458,1.6744228536384969,3.310838616675052,1.6782867222331534,24.0,1064.4405027440325,1401988.100040619,8.5328011361652,8.808369119583958,85.06424213512085,ANOMALY,SURCHAUFFE
2026-02-19 10:51:58.623037,116,MOT_005,1463.9934806657495,1.4557838681783477,2.595414760956688,1.5105575520048273,24.0,745.9297285353222,1060139.9650525758,8.508381242538048,5.456192127880095,59.12275651478876,NORMAL,NONE
2026-02-19 10:36:18.623037,22,MOT_007,1464.762691309708,1.454968198535554,2.450750260550171,1.500194400783579,24.0,720.475362602363,1058866.40517867,8.510687837196116,5.458427628034295,56.406403422680754,NORMAL,NONE
2026-02-19 10:39:28.623037,41,MOT_006,1478.6761098160673,1.4351264172685465,2.5492703050039722,1.5144211837558146,25.0,818.6903019940347,1029913.5537764651,8.515576473661865,5.455133724393426,50.77801475398591,NORMAL,NONE
2026-02-19 10:42:08.623037,57,MOT_010,1454.2431032845946,1.4577611896647487,2.4985459927816764,1.5075239307764268,24.0,897.0979965380438,1062883.707900925,8.508228652210368,5.406452194896517,54.93034530433,NORMAL,NONE
2026-02-19 10:41:28.623037,53,MOT_004,1483.0124966019991,1.44488693897634,2.4633794569553977,1.51125734028868,25.0,890.6410715806351,1044014.4567480241,8.514859772074567,5.48038196447957,51.05328122440957,NORMAL,NONE
2026-02-19 10:42:18.623037,58,MOT_002,1485.075417889553,1.4418782218701431,2.6038857191298694,1.517306505459423,25.0,914.1899829359925,1039577.3596358583,8.510130555858499,5.473425879246386,52.44046231040799,NORMAL,NONE
2026-02-19 10:48:18.623037,94,MOT_009,1474.1726809264305,1.4371967541804853,2.4462926804219487,1.5099566790306789,25.0,737.4883365136259,1032925.8679178819,8.519317893462047,5.421108520101071,52.91539954524661,NORMAL,NONE
2026-02-19 10:37:38.623037,30,MOT_007,1454.0502488560314,1.448061069314653,2.5170136764588182,1.5186046297609226,24.0,892.6897877365377,1048544.1080718887,8.510937403381186,5.54946784385459,54.14476087134398,NORMAL,NONE
2026-02-19 10:56:28.623037,179,MOT_003,1434.7759145158816,2.3285602152879576,4.354077469093056,1.6242122954076577,24.0,1601.9288267329885,2711224.4802789353,15.775388334104667,17.019490915298086,69.19453609779825,ANOMALY,SURCHARGE_ELECTRIQUE
2026-02-19 10:38:58.623037,38,MOT_006,1482.443668438428,1.4516017043092666,2.6022672427898335,1.5111993774699448,25.0,886.5922264366764,1053623.0005058376,8.506633523226983,5.529956661288359,56.034025645609795,NORMAL,NONE
2026-02-19 10:57:08.623037,171,MOT_007,1446.547060559668,6.181189812149499,9.760855869890388,2.7115025037775666,24.0,937.1114181468049,36652626.07562826,8.535277035261771,8.784970198153754,66.05167976928769,ANOMALY,DEFAUT_ROULEMENT
2026-02-19 10:52:58.623037,122,MOT_007,1484.5508979054155,1.4427140323787848,2.467044441378464,1.515570020592359,25.0,904.6134611858608,1040907.4450548986,8.509091132959517,5.4047396095168585,52.51157977981283,NORMAL,NONE
2026-02-19 10:41:58.623037,56,MOT_001,1462.155042969801,1.45660970760924,2.6048412341022704,1.5059546366995638,24.0,773.5359514723843,1061005.3176870188,8.50761332371662,5.415281831437289,56.679864814708154,NORMAL,NONE
2026-02-19 10:56:38.623037,168,MOT_010,1452.141114282739,6.237948968300283,10.260564739001337,2.362141899662921,24.0,874.3333556797126,37460807.3783764,8.535312233438894,8.77630266588855,64.31737121622018,ANOMALY,DEFAUT_ROULEMENT
2026-02-19 10:57:58.623037,164,MOT_009,1470.5561813268087,3.9065503814518467,6.365249747662846,1.5414248089492106,25.0,1847.921471134204,7632517.779495673,8.537116180939982,8.782817943597895,60.34725567183703,ANOMALY,DESEQUILIBRE
2026-02-19 10:57:08.623037,147,MOT_001,1486.8599372775493,3.7858811445818237,8.601118595065797,3.06197054259214,50.0,1531.9363112290607,7168095.344346808,8.527768982146107,8.848235897811437,62.38435366696141,ANOMALY,DESALIGNEMENT
2026-02-19 10:54:58.623037,134,MOT_006,1480.4693598887336,1.4494561115768811,2.617464423758636,1.5006450689524404,25.0,851.7147834997562,1050790.1460770518,8.510917815662538,5.489141953673315,56.96308995971883,NORMAL,NONE
2026-02-19 10:47:28.623037,89,MOT_010,1474.9606159050404,1.4407048330253873,2.566252600198829,1.5330957450657081,25.0,752.532279923697,1037962.4820877138,8.513169293756446,5.419495680716305,53.44994327524429,NORMAL,NONE
2026-02-19 10:44:28.623037,71,MOT_006,1464.8034554876579,1.4476757946533043,2.468530029908505,1.4969006379698002,24.0,713.2680807792165,1048016.8735566379,8.512820819285118,5.4851697412435785,55.224286002074706,NORMAL,NONE
2026-02-19 10:56:58.623037,194,MOT_006,1472.9825135574877,1.6828620542202177,3.220084725695372,1.6525644683616973,25.0,829.1627009404949,1416205.1320141528,8.534356777107071,8.830158716931015,82.27211375665509,ANOMALY,SURCHAUFFE
2026-02-19 10:57:38.623037,150,MOT_001,1457.763809170978,3.8024383278700697,8.557860695540732,3.0032493474370647,49.0,1588.8757256386023,7230282.671962439,8.5279153485543,8.863650486103989,60.45483271394606,ANOMALY,DESALIGNEMENT
2026-02-19 10:35:38.623037,18,MOT_008,1452.0997960505993,1.4455065967845497,2.5179021244707274,1.5085571127789008,24.0,916.8984316373826,1044821.0582025823,8.512078486672957,5.439147449235869,54.98392413133069,NORMAL,NONE
2026-02-19 10:56:18.623037,166,MOT_004,1445.7168741403952,6.230746358865727,10.420735839860972,2.570864310085299,24.0,917.2398498120684,37363941.594529495,8.534093793943025,8.84583883620107,62.46051659945876,ANOMALY,DEFAUT_ROULEMENT
2026-02-19 10:57:28.623037,185,MOT_010,1420.0838525243325,2.3082387103198574,4.062415990536583,1.6299428947365358,24.0,1350.0385590666765,2664375.976559308,15.75587966309286,16.964171294085386,73.30567719712263,ANOMALY,SURCHARGE_ELECTRIQUE
2026-02-19 10:51:08.623037,111,MOT_001,1463.3787300819195,1.4559102038574347,2.5382033988496904,1.5016083841392882,24.0,748.8752598220766,1060380.0797214333,8.50935050935528,5.462743508516899,54.71610993472873,NORMAL,NONE
2026-02-19 10:57:18.623037,148,MOT_006,1465.6788953619546,3.803435570199228,8.559453527703951,2.9858359596753985,49.0,1971.8444103417924,7234072.9992949655,8.532250039377447,8.807475946295668,63.95134102764655,ANOMALY,DESALIGNEMENT
2026-02-19 10:56:38.623037,180,MOT_008,1436.9463513405121,2.323872572308322,4.154899291471447,1.6017518374744004,24.0,1607.727064689511,2700243.594849975,15.761985995230548,17.048745610385524,75.3013823310458,ANOMALY,SURCHARGE_ELECTRIQUE
2026-02-19 10:51:48.623037,115,MOT_007,1475.2682297255515,1.438101587453995,2.6064754967900683,1.5003238424535759,25.0,763.8875205769808,1034312.6066012284,8.511327827124795,5.475259829037829,52.87165007565661,NORMAL,NONE
2026-02-19 10:56:38.623037,156,MOT_003,1452.801392753144,3.9057147694714645,6.258332928548478,1.5370903022373814,24.0,2500.3929133592032,7627957.371497489,8.528715159976528,8.907307540138792,63.668928930464325,ANOMALY,DESEQUILIBRE
2026-02-19 10:38:18.623037,34,MOT_004,1456.3672743891557,1.4513049318070765,2.615788338020394,1.5071935425166816,24.0,867.1252026023269,1053363.6486362594,8.511724833427285,5.463642624810876,53.57438706479011,NORMAL,NONE
2026-02-19 10:37:08.623037,27,MOT_010,1473.2740560664793,1.441860134951376,2.4985835064624973,1.5107871951033567,25.0,725.3762791132684,1039814.1720700993,8.509318993759312,5.396689815452351,56.45714926846075,NORMAL,NONE
2026-02-19 10:57:28.623037,197,MOT_008,1492.7684763249229,1.7131275210036188,3.319979318443502,1.7013155215031086,25.0,1152.3323438255902,1467840.755738895,8.528420902864424,8.955123074830723,80.24496844483691,ANOMALY,SURCHAUFFE
2026-02-19 10:37:48.623037,31,MOT_007,1471.8586004604829,1.4528135973501166,2.5034136161287126,1.5099130312197213,25.0,707.2272627492208,1055657.9137878658,8.51397103650009,5.414626698558016,51.31365728738476,NORMAL,NONE
2026-02-19 10:44:18.623037,70,MOT_003,1479.225329845206,1.4415538583937564,2.4802852723542843,1.5014612451701828,25.0,836.036842337801,1039159.1485402698,8.511216271522986,5.482246597598393,55.210137125171066,NORMAL,NONE
2026-02-19 10:33:28.623037,5,MOT_008,1469.9260288100459,1.4494430799691012,2.675903112386371,1.5045393562946188,25.0,661.9792995713201,1050914.8077280335,8.510952619042513,5.451735119745617,54.228736478108964,NORMAL,NONE
2026-02-19 10:39:38.623037,42,MOT_010,1462.495341122184,1.4600448231802754,2.450655748702124,1.5006201829960837,24.0,770.9534056927254,1066080.7140388945,8.502951385955873,5.474208100647783,54.05168309990334,NORMAL,NONE
2026-02-19 10:53:48.623037,127,MOT_002,1462.9904651531276,1.4449499100677508,2.5174955787432793,1.5241801421930377,24.0,755.6240538118127,1043970.5154936137,8.503509141382766,5.479811762881535,54.153519874994636,NORMAL,NONE
2026-02-19 10:35:48.623037,19,MOT_010,1485.2367210380737,1.4437137710876846,2.426431788018174,1.499831426388651,25.0,920.1058110150019,1042209.1392908636,8.507622215561279,5.4544484942616895,53.68949833032572,NORMAL,NONE
2026-02-19 10:57:28.623037,173,MOT_009,1467.594279040517,6.285249009345257,9.709083626288312,2.607666375404918,25.0,636.5041738138672,38034291.080232486,8.526874736313014,8.873563584005478,66.5311402039564,ANOMALY,DEFAUT_ROULEMENT
2026-02-19 10:56:58.623037,182,MOT_004,1442.4820095987977,2.304185460751589,3.9969909776864214,1.6395119191601566,24.0,1585.7177956096607,2654659.674559372,15.758441837930508,16.939033132926625,72.0739993775233,ANOMALY,SURCHARGE_ELECTRIQUE
2026-02-19 10:32:48.623037,1,MOT_004,1464.9816047538945,1.445472420597219,2.5335842866490204,1.5141868562522827,24.0,717.5958882288282,1045147.2212088878,8.514230002224442,5.501709666416722,55.15779219319702,NORMAL,NONE
2026-02-19 10:43:48.623037,67,MOT_005,1483.6557434407848,1.4442675513582757,2.4500231319754944,1.5010028277873784,25.0,897.6235885377121,1043039.5360632678,8.511699157792112,5.483929881214904,55.4986556212821,NORMAL,NONE
2026-02-19 10:33:38.623037,6,MOT_002,1457.4625543853863,1.4528686558205253,2.4887044377946705,1.504465573708535,24.0,850.5709693005085,1055480.6302992424,8.512900014855216,5.4414021047572465,55.32358308120544,NORMAL,NONE
2026-02-19 10:34:08.623037,9,MOT_009,1474.9608375997786,1.4413385065617994,2.5345559389894845,1.51302790747877,25.0,756.6679588488179,1039237.2935626263,8.509620804983365,5.448166389027088,51.34019227767321,NORMAL,NONE
2026-02-19 10:56:58.623037,158,MOT_004,1447.7850568937142,3.9071631123505832,6.323565237958307,1.5349606579703672,24.0,2640.0833430195244,7632984.181103428,8.533961471343181,8.924122117314843,63.59882851208651,ANOMALY,DESEQUILIBRE
2026-02-19 10:49:28.623037,101,MOT_002,1487.5285889190893,1.4472911186524302,2.6421978852789616,1.5138856255536692,25.0,947.217876010917,1047359.2370275347,8.508762440549614,5.553293989423754,52.7952444566984,NORMAL,NONE
2026-02-19 10:39:08.623037,39,MOT_009,1469.1151378575782,1.4489718714808624,2.4606107417363905,1.5158927476553932,25.0,636.5829082960136,1050002.0728225948,8.50657904303683,5.496140346776878,56.260892155987634,NORMAL,NONE
2026-02-19 10:50:48.623037,109,MOT_002,1460.7800392450815,1.4460455178446827,2.5074569844071144,1.5004390099931133,24.0,791.3122520246096,1045703.3481749973,8.506135790885018,5.490564573614739,53.74492842543666,NORMAL,NONE
2026-02-19 10:40:38.623037,48,MOT_001,1473.0079778689258,1.4458045145174823,2.487092583887851,1.5223276925407272,25.0,721.348920382185,1045397.8824256816,8.510921257755866,5.470551989453216,57.88687643204664,NORMAL,NONE
2026-02-19 10:57:18.623037,184,MOT_001,1424.9826728824466,2.313312844798783,4.226327700505459,1.6027727394160642,24.0,1470.865695461528,2676470.196551996,15.760299675189419,17.01026585462986,72.92794166914584,ANOMALY,SURCHARGE_ELECTRIQUE
2026-02-19 10:46:58.623037,86,MOT_005,1463.3292933846865,1.4451548167419073,2.354305648290444,1.4968588584816995,24.0,744.7510769082387,1044672.1489729717,8.514530097993752,5.445351464369083,57.374358830865035,NORMAL,NONE
2026-02-19 10:40:18.623037,46,MOT_004,1468.354931057316,1.446577860385539,2.4764689938122046,1.4918666700838783,24.0,645.5140296463073,1046693.9268561549,8.512638264661014,5.435238249009852,59.08126096999371,NORMAL,NONE
2026-02-19 10:53:58.623037,128,MOT_006,1454.1751050309624,1.4554164031521566,2.5421216188085607,1.5095283438091982,24.0,900.172766413418,1059424.753352913,8.509871112301262,5.461553928699972,54.88018363457217,NORMAL,NONE
2026-02-19 10:42:48.623037,61,MOT_003,1486.2244657595418,1.4429411308020716,2.5704432773155874,1.5191571959519032,25.0,926.4806653316436,1041068.5912600573,8.512760049846886,5.501002398213359,52.99127451839714,NORMAL,NONE
2026-02-19 10:37:58.623037,32,MOT_004,1488.3137301153442,1.453609647607884,2.5559545577832137,1.5101177488515123,25.0,957.1089648916446,1056715.0166302165,8.507860826594259,5.416861408859127,54.14009899452824,NORMAL,NONE
2026-02-19 10:51:28.623037,113,MOT_007,1460.3423724898062,1.4513166041096206,2.6063789131068527,1.4976781550387233,24.0,798.9355219843661,1053546.8111724746,8.514488113788497,5.414315529930609,56.181830798976385,NORMAL,NONE
2026-02-19 10:46:38.623037,84,MOT_009,1456.691466414994,1.4465756975513426,2.546887952184817,1.5178414991145623,24.0,853.841254161648,1046570.7438539147,8.514260510235708,5.470604064593643,54.194358038026465,NORMAL,NONE
2026-02-19 10:33:18.623037,4,MOT_003,1489.343891989551,1.4450577686785513,2.4768312517022966,1.5005665843949527,25.0,957.0351826161188,1044104.286966014,8.513690969226872,5.458199273818709,53.09861861316949,NORMAL,NONE
2026-02-19 10:40:58.623037,50,MOT_009,1472.1708764407833,1.4401399815472056,2.5273306404462472,1.5214234229006542,25.0,700.2534415932639,1037401.1302398401,8.510867383598514,5.4368790789033845,53.329698319475085,NORMAL,NONE
2026-02-19 10:34:38.623037,12,MOT_010,1486.5095389372425,1.4451576670221098,2.558924488921405,1.52906613015871,25.0,931.4667656141678,1044240.7745983881,8.511176888582156,5.508228574832814,58.35637075779782,NORMAL,NONE
2026-02-19 10:45:58.623037,80,MOT_002,1462.5581882115243,1.4711670147854876,2.5306038813930978,1.4919602949987392,24.0,773.7259627981684,1082537.1172873478,8.512174473726766,5.4868987219762175,53.71946602270118,NORMAL,NONE
2026-02-19 10:46:48.623037,85,MOT_002,1488.541863361576,1.4441671400213099,2.471115173229288,1.4960025000951145,25.0,952.0104058179663,1042864.467139092,8.515884543119983,5.4499741499037215,52.82352351619161,NORMAL,NONE
2026-02-19 10:33:58.623037,8,MOT_006,1478.611285253087,1.442996649584498,2.4619031034802203,1.5058352460790634,25.0,824.9612249371149,1041464.3426853414,8.514010411663362,5.437209523720546,59.953858267446826,NORMAL,NONE
2026-02-19 10:33:48.623037,7,MOT_001,1484.014511506314,1.4510764846022783,2.5331564934310578,1.5065680975676488,25.0,905.9786657132626,1052880.1074471439,8.512403969172187,5.465776702184543,57.80580956792438,NORMAL,NONE
2026-02-19 10:47:38.623037,90,MOT_005,1450.6069714556468,1.4423819260325588,2.509626143861987,1.5005799744278676,24.0,929.2678030032839,1040501.5452580993,8.510710138335329,5.459415784066227,53.557590943532595,NORMAL,NONE
2026-02-19 10:55:08.623037,135,MOT_005,1471.300618342072,1.441631542981757,2.410583588164585,1.4942611556059278,25.0,682.5826372330407,1039441.2231757846,8.506564545881796,5.478883702696549,50.77634749798321,NORMAL,NONE
2026-02-19 10:45:18.623037,76,MOT_002,1489.3626942024466,1.448783193933267,2.5003770763093724,1.5105427664148943,25.0,963.5236532650425,1049549.136130918,8.50509501114338,5.475310900629181,56.639309322948,NORMAL,NONE
2026-02-19 10:41:08.623037,51,MOT_008,1483.7379265778536,1.4498832000266857,2.4718862661328744,1.5099279510082646,25.0,904.7836543551838,1051143.9395270068,8.508087039843321,5.433381048779679,55.30940205397612,NORMAL,NONE
2026-02-19 10:50:38.623037,108,MOT_009,1453.5174234476076,1.4492491215518808,2.490881476271284,1.5096907237119572,24.0,899.2399491760499,1050458.0269899634,8.512888144659515,5.381228808421941,55.297483281390754,NORMAL,NONE
2026-02-19 10:56:38.623037,144,MOT_005,1466.6798410973909,3.79941528115332,8.55507180280916,3.03626498523405,49.0,1992.9888557894756,7218491.068944613,8.52956086299692,9.019390654915545,66.95426504333608,ANOMALY,DESALIGNEMENT
2026-02-19 10:56:08.623037,165,MOT_009,1485.6839343812753,6.3568065535255975,10.968372843636761,2.5470373564308493,25.0,890.269907234328,38905814.93296028,8.52132347189153,8.817786580445615,66.63773517458219,ANOMALY,DEFAUT_ROULEMENT
2026-02-19 10:56:18.623037,142,MOT_006,1458.2891758757605,3.825884369502465,8.546133637099253,3.018097418429644,49.0,1645.878284953705,7319111.984164281,8.530178272265893,8.821206617391834,66.08783473272001,ANOMALY,DESALIGNEMENT
2026-02-19 10:53:08.623037,123,MOT_010,1462.397491810892,1.4448159149875281,2.5699143032811573,1.4967590618026885,24.0,765.5797487481999,1044061.6926253625,8.512671727308865,5.421245803027565,55.67953732348729,NORMAL,NONE
2026-02-19 10:36:58.623037,26,MOT_004,1487.4608326395569,1.454823569487195,2.438348964849509,1.4956429239658735,25.0,948.9836453107457,1058332.3549034505,8.512350216033719,5.416403309942319,53.35973908486423,NORMAL,NONE
2026-02-19 10:50:58.623037,110,MOT_003,1463.3962602935758,1.4509994178338774,2.492989529016877,1.5108052651388657,24.0,748.0944104347225,1053006.02357862,8.520366871370122,5.457343523868409,56.5617017354316,NORMAL,NONE
2026-02-19 10:42:28.623037,59,MOT_002,1476.176840114275,1.4368632511986357,2.6284074642349555,1.4986479009768128,25.0,772.0586254749611,1032670.1533656665,8.512451861571597,5.41080759052671,55.85236460392904,NORMAL,NONE
2026-02-19 10:41:18.623037,52,MOT_002,1458.4417249503376,1.458092922747491,2.491185606533101,1.4991351548279588,24.0,834.6162747313948,1063190.4009882766,8.514437863568567,5.39600683438823,54.85700649940981,NORMAL,NONE
2026-02-19 10:43:38.623037,66,MOT_009,1479.5168764488703,1.4465219344495714,2.447976490218619,1.5021988268433424,25.0,835.2820918223676,1046392.4831966823,8.511220316409572,5.417232716816363,56.90110257188965,NORMAL,NONE
2026-02-19 10:57:48.623037,163,MOT_007,1473.8540114258615,3.9067497528017094,6.332512136057963,1.535329618714919,25.0,2036.5880937742738,7633146.2712012855,8.536597151082258,8.852587079148877,63.12095744021294,ANOMALY,DESEQUILIBRE
2026-02-19 10:47:48.623037,91,MOT_008,1488.0024669994061,1.4470531354805283,2.6239126021668158,1.494345973874838,25.0,952.4191773204842,1047236.9118232225,8.513054902928694,5.460466732266975,57.80267969307362,NORMAL,NONE
2026-02-19 10:44:08.623037,69,MOT_008,1474.7826165898946,1.448012219590651,2.6098250908858818,1.5216240240582537,25.0,752.9621597317588,1048686.579729135,8.511644292817161,5.419891073724332,54.09820579260694,NORMAL,NONE
2026-02-19 10:38:08.623037,33,MOT_003,1489.2432277410703,1.4458262563082107,2.491653100677948,1.5038567086340286,25.0,959.011952280979,1045354.1041904216,8.507482454387846,5.430543600952632,52.913251030679255,NORMAL,NONE
2026-02-19 10:45:28.623037,77,MOT_002,1462.874325505468,1.4548812816123988,2.6468419653544224,1.5126078159329976,24.0,760.0454118038374,1058528.4953225702,8.516952098142445,5.490770535065096,55.362230200710016,NORMAL,NONE
2026-02-19 10:37:18.623037,28,MOT_002,1457.0468990808074,1.4535370415870432,2.6279531041607838,1.4999413356604878,24.0,855.0511733730805,1056682.566127891,8.512232748251868,5.491500857185221,54.741649561665696,NORMAL,NONE
2026-02-19 10:35:08.623037,15,MOT_003,1476.5407684453453,1.4451808189880053,2.5450682068649213,1.5123274454420443,25.0,787.9030338360832,1044389.9462168363,8.511223683531517,5.418488450942894,53.26384541072735,NORMAL,NONE
2026-02-19 10:57:48.623037,175,MOT_004,1489.6020435512542,6.352096036651633,10.308828256542935,2.6372392412075505,25.0,933.5132092958081,38849635.72822842,8.533440918756746,8.925590197123787,64.37640570484993,ANOMALY,DEFAUT_ROULEMENT
2026-02-19 10:57:18.623037,160,MOT_005,1443.564043774414,3.8935599619998777,6.536854377468286,1.5447876397670062,24.0,2706.647102034025,7580119.768573142,8.544435230993768,8.911712158129523,64.67815563539463,ANOMALY,DESEQUILIBRE
2026-02-19 10:51:18.623037,112,MOT_005,1463.3875780463952,1.4485012261826429,2.4179534284272215,1.5074446153381817,24.0,747.5400011670755,1049295.9695650283,8.507132547198205,5.47737814666303,56.04797537210516,NORMAL,NONE
2026-02-19 10:48:08.623037,93,MOT_001,1454.4905795166765,1.455404055055956,2.494844076722945,1.5116269555386053,24.0,889.7898627235526,1059173.5379704412,8.509988687864405,5.456811674109462,52.95231227078843,NORMAL,NONE
2026-02-19 10:52:38.623037,120,MOT_004,1482.2633000704823,1.4435355720233252,2.556782904857113,1.502855752786319,25.0,875.3092429617333,1041920.0022991885,8.514375925027528,5.408631499293,53.751006271278065,NORMAL,NONE
2026-02-19 10:56:28.623037,143,MOT_005,1463.3802534570018,3.791586660584725,8.843731326196501,3.0202110662220103,49.0,1902.106525875072,7190125.601168065,8.529541443040005,8.88024288331532,62.510693531582454,ANOMALY,DESALIGNEMENT
2026-02-19 10:48:58.623037,98,MOT_008,1463.8637605591966,1.4471140641582607,2.7136089448487475,1.5065774709163882,24.0,735.8947757202386,1047328.3437128151,8.513825155701998,5.455262181369014,57.25207140120352,NORMAL,NONE
2026-02-19 10:57:38.623037,162,MOT_006,1467.4646219669792,3.9172647455852636,6.820572572261035,1.5460130511356505,24.0,1831.6165020291294,7675579.489781799,8.5355615469428,8.832796269009128,63.59122277592952,ANOMALY,DESEQUILIBRE
2026-02-19 10:55:38.623037,138,MOT_010,1487.017161253851,1.4519195021247229,2.4958293373820784,1.5215813062988692,25.0,943.0115344060675,1054126.1513348073,8.513931521872676,5.425971039734239,54.76638442741774,NORMAL,NONE
2026-02-19 10:56:18.623037,178,MOT_003,1431.94747418301,2.3163970581773583,4.063791121796264,1.6317239287794971,24.0,1571.0235311623067,2682909.867523074,15.750084772758171,17.011535219436205,75.77750604466742,ANOMALY,SURCHARGE_ELECTRIQUE
2026-02-19 10:57:48.623037,151,MOT_005,1482.0336168634585,3.796957912685145,8.944657693595701,3.0624822695795255,49.0,1412.3188193101957,7209368.753317573,8.534532652869629,8.888273892644731,64.74641763660904,ANOMALY,DESALIGNEMENT
2026-02-19 10:56:58.623037,146,MOT_007,1459.3031554508798,3.820701952411701,8.604953914303223,3.010259572854632,49.0,1713.2471510613038,7299567.213011775,8.526129677328726,8.961675310492582,61.17978896801634,ANOMALY,DESALIGNEMENT
2026-02-19 10:53:18.623037,124,MOT_003,1455.885175184066,1.4456042930585102,2.5011304827996788,1.5009016530653196,24.0,862.6359938719183,1044952.6965536277,8.510824675835835,5.416274603820391,56.06662373518553,NORMAL,NONE
2026-02-19 10:44:38.623037,72,MOT_007,1452.5670013600613,1.4444081349678217,2.416669150282731,1.4904619987132528,24.0,912.857489586224,1043294.9561787553,8.505833617144738,5.436256977992569,53.427961283944704,NORMAL,NONE
2026-02-19 10:43:08.623037,63,MOT_010,1452.4785963011439,1.444814498758577,2.4912633884539166,1.500329391788954,24.0,912.1761413235429,1043829.2156917255,8.509347896087512,5.374824823183046,54.46455333338131,NORMAL,NONE
2026-02-19 10:53:38.623037,126,MOT_007,1456.354618785955,1.4574539662697334,2.452218881159672,1.510177689517314,24.0,875.766207773934,1062210.7247976456,8.510749576445548,5.450211259075059,58.866426919877775,NORMAL,NONE
2026-02-19 10:38:28.623037,35,MOT_005,1479.1774814514595,1.4441268364546884,2.559964204804938,1.520403808261718,25.0,831.414540943059,1042864.5257664351,8.509838069621125,5.467462438111583,52.40018336421405,NORMAL,NONE
2026-02-19 10:34:48.623037,13,MOT_001,1469.79578429495,1.4559832269181565,2.562041697397368,1.5092372627204902,25.0,656.7532415984732,1060148.277395389,8.516497027834683,5.455867483083255,55.17086469316159,NORMAL,NONE
2026-02-19 10:47:58.623037,92,MOT_005,1489.594702406402,1.4510686342642156,2.8780013001114755,1.5037679959163435,25.0,967.6732960084082,1052800.6604600756,8.509669259513032,5.41019374947886,55.40266425069776,NORMAL,NONE
2026-02-19 10:49:38.623037,102,MOT_006,1454.3596502233634,1.4543138935194029,2.5597188762299754,1.5121275880214669,24.0,892.1794544575888,1057782.0294694307,8.509808078325852,5.411147195400372,55.52825361819205,NORMAL,NONE
2026-02-19 10:49:58.623037,104,MOT_008,1464.9918805035586,1.443031655758821,2.503811856893888,1.4846678278359582,24.0,714.0238298483777,1041623.6313919206,8.505962680472889,5.441175347127075,53.735528443677715,NORMAL,NONE
2026-02-19 10:54:08.623037,129,MOT_001,1471.483391975232,1.4360679670141117,2.6563446930877745,1.5232477833386575,25.0,690.0162908642363,1031513.0348353197,8.507775046322308,5.474298564864449,55.793394824749136,NORMAL,NONE
2026-02-19 10:46:28.623037,83,MOT_003,1478.9470422257418,1.4391206041882398,2.57632754296055,1.5132749436762043,25.0,825.462171430393,1035819.2673313502,8.51154189581548,5.432569513312198,53.99993212613225,NORMAL,NONE
2026-02-19 10:57:58.623037,176,MOT_008,1494.7892457418363,6.422260905335058,10.280640785955395,2.517795253117102,25.0,995.2153981796098,39650258.536595255,8.527048890151352,8.879410757210955,63.396360022470326,ANOMALY,DEFAUT_ROULEMENT
2026-02-19 10:35:58.623037,20,MOT_001,1465.1531724343388,1.4555734251935712,2.6403912250311454,1.4991038033503905,24.0,720.5462410384378,1059819.44257821,8.511964340713048,5.495805032237581,54.23021666621345,NORMAL,NONE
2026-02-19 10:41:48.623037,55,MOT_010,1462.7903002235525,1.4524496504631135,2.5302376757809593,1.5012086886041798,24.0,760.6745602562893,1055257.472118584,8.512215270087275,5.479015010418116,54.79032814852891,NORMAL,NONE
2026-02-19 10:43:28.623037,65,MOT_002,1485.6015364909267,1.455859794746986,2.530149612597153,1.5131507842008358,25.0,928.4694437783422,1059996.6221714315,8.51283087010377,5.446984098489962,58.48805652769792,NORMAL,NONE
2026-02-19 10:39:18.623037,40,MOT_007,1473.6197594929263,1.4558599820434777,2.504733005141325,1.5288635501779522,25.0,742.9850251482288,1060022.6730765896,8.511114209755757,5.496620485964112,59.02339763506378,NORMAL,NONE
2026-02-19 10:34:18.623037,10,MOT_005,1481.631072342903,1.4507346911358376,2.4871503209854913,1.5193467003200036,25.0,876.7294287855282,1052516.9711697227,8.509964698625765,5.477175207598985,53.414754339257634,NORMAL,NONE
2026-02-19 10:55:28.623037,137,MOT_002,1476.2126249590767,1.4421963722130322,2.4607136719241773,1.5076225747797485,25.0,776.887641289747,1040134.3976442525,8.513838749975468,5.4192451323499515,54.13538691249162,NORMAL,NONE
2026-02-19 10:56:48.623037,169,MOT_003,1476.1383544860003,6.277294327072932,10.220524753001023,2.549798168913872,25.0,772.6279070253905,37885408.54438014,8.534439966371117,8.952280149239936,60.86828562849358,ANOMALY,DEFAUT_ROULEMENT
2026-02-19 10:54:28.623037,131,MOT_006,1486.8178795585322,1.455312311798879,2.545433302618453,1.4988180073704953,25.0,943.7368135088034,1059064.823516039,8.511735300394296,5.474415836260277,52.46500990653563,NORMAL,NONE
2026-02-19 10:57:48.623037,199,MOT_007,1470.7773279288504,1.6811243021318198,3.253870513982131,1.679916495405952,25.0,761.5773017325436,1413279.428794202,8.53139930750094,9.024268390989393,89.81370890438114,ANOMALY,SURCHAUFFE
2026-02-19 10:47:18.623037,88,MOT_004,1452.876208912355,1.4452575932585952,2.4185904119905883,1.5170821026866357,24.0,909.5958965298272,1044576.4797546465,8.512862359499536,5.443888606626079,57.99741861374829,NORMAL,NONE
2026-02-19 10:42:38.623037,60,MOT_002,1468.8722361080713,1.4583527016786415,2.673094759064817,1.5186118515558433,25.0,644.469175748601,1063738.8099186732,8.513731099588654,5.444089699807578,55.66437906793464,NORMAL,NONE
2026-02-19 10:57:38.623037,174,MOT_005,1463.455984621463,6.284341070721268,9.979278553608125,2.425588994191166,24.0,747.1172528504708,37903324.12130838,8.54705409088923,8.898515189279445,65.4064707591252,ANOMALY,DEFAUT_ROULEMENT
2026-02-19 10:45:08.623037,75,MOT_010,1489.4553801023826,1.4447348621036258,2.4549506448842875,1.4980067796001433,25.0,960.870698091094,1043802.5974435896,8.511038808255586,5.413313764215485,53.4946624332911,NORMAL,NONE
2026-02-19 10:54:38.623037,132,MOT_009,1454.5892899671921,1.4531336449503027,2.579738384683293,1.5227314546030495,24.0,890.6992713204498,1055911.0043378978,8.509484527232278,5.441928382242285,54.24846838463926,NORMAL,NONE
2026-02-19 10:38:48.623037,37,MOT_001,1489.9419805150612,1.4436065976323722,2.50094038749988,1.5024807442240866,25.0,963.0611702709413,1042113.0083446036,8.510156010997973,5.411242812998032,53.50145277472184,NORMAL,NONE
2026-02-19 10:46:18.623037,82,MOT_009,1489.7775584633314,1.4573031796758942,2.4940376661408132,1.5143652624417228,25.0,972.7240071341164,1061971.340766287,8.509761610237648,5.477595864407571,55.72924678518849,NORMAL,NONE
2026-02-19 10:46:08.623037,81,MOT_006,1470.0970225692856,1.4489672582874151,2.6202369170514883,1.5041766861452512,25.0,661.3820339810645,1050231.2983401853,8.512248980486683,5.432377569352972,55.272228769369775,NORMAL,NONE
2026-02-19 10:34:58.623037,14,MOT_009,1456.7386642093613,1.4521448717552439,2.601247191339178,1.5108025844852173,24.0,860.7135992661588,1054604.300705639,8.511727503878996,5.519523082015812,56.41934748050281,NORMAL,NONE
2026-02-19 10:40:08.623037,45,MOT_004,1455.3825717691811,1.4426016429802668,2.5060510236118096,1.505485602585353,24.0,870.2411405560498,1040723.1391472602,8.509577809125735,5.462714165573819,57.80187318760543,NORMAL,NONE
2026-02-19 10:44:58.623037,74,MOT_009,1465.4117274666405,1.4518722843925675,2.45624918461484,1.5044574060418632,24.0,711.7593998511776,1054345.545171467,8.507387673973941,5.490700471165315,52.46329591919138,NORMAL,NONE
2026-02-19 10:38:38.623037,36,MOT_010,1478.5954448713667,1.4621438278032497,2.497489334406338,1.5186315438985534,25.0,833.639999033628,1069115.660914014,8.50367828107069,5.41769008839716,59.80543234083052,NORMAL,NONE
2026-02-19 10:43:58.623037,68,MOT_001,1470.3728589124908,1.4538412192602208,2.467397305000323,1.5091312246403308,25.0,669.3367425040226,1057504.055973134,8.51411408590398,5.4817306098773955,56.97534105344049,NORMAL,NONE
2026-02-19 10:57:18.623037,196,MOT_009,1475.0029063220593,1.654773024349201,3.208429419551666,1.6874920339729598,25.0,860.8348955055073,1369159.6414633973,8.538272696738272,8.811297354053083,76.09935430899694,ANOMALY,SURCHAUFFE
2026-02-19 10:48:28.623037,95,MOT_008,1477.7474587081515,1.44597489285478,2.479391033333362,1.5087247262120878,25.0,813.0093763327493,1045810.5860771883,8.514076797438157,5.490421908078646,54.94792450034172,NORMAL,NONE
2026-02-19 10:50:18.623037,106,MOT_001,1472.1141613870134,1.4534745167810346,2.5547474490164146,1.5146173216946741,25.0,703.5526420845541,1056743.6122041019,8.50971047890965,5.455100442288203,53.4916777542577,NORMAL,NONE
2026-02-19 10:57:08.623037,159,MOT_002,1470.9248113219883,3.900392182237447,6.374204580254451,1.5434651517584226,25.0,1866.0820715160412,7609495.021197655,8.534436183890026,8.92045336805895,64.27369412866395,ANOMALY,DESEQUILIBRE
2026-02-19 10:56:48.623037,193,MOT_008,1474.8392285612326,1.6761889694786523,3.4531722099984705,1.713195489030135,25.0,873.0206761206805,1405140.8320897622,8.529902742226128,8.808351480798713,76.74827818677453,ANOMALY,SURCHAUFFE
2026-02-19 10:33:08.623037,3,MOT_009,1472.8362821500857,1.4438526225327741,2.5433415874957985,1.5171825287813185,25.0,722.1246336365818,1042612.064813193,8.50820076936369,5.4852384673412,51.7288419463675,NORMAL,NONE
2026-02-19 10:43:18.623037,64,MOT_007,1457.8706505512735,1.4483349274229778,2.57680485960655,1.5040784789406314,24.0,842.0215708788841,1049012.656757053,8.510809828410206,5.46071929178066,56.44145761198182,NORMAL,NONE
2026-02-19 10:50:08.623037,105,MOT_003,1484.4030966686817,1.4353293444359947,2.404752953745357,1.513234855948794,25.0,901.8449164833006,1030116.1259457547,8.509516626691372,5.441974320268032,56.54973491643473,NORMAL,NONE
2026-02-19 10:55:18.623037,136,MOT_010,1468.9243602231509,1.4487812382047938,2.543938023007392,1.5135942583789246,25.0,635.9267532460549,1049899.3845694126,8.510789085866486,5.416353021467225,54.42358898800248,NORMAL,NONE
2026-02-19 10:49:48.623037,103,MOT_002,1472.1468294498516,1.4581332768450515,2.5166802906684453,1.510249584899874,25.0,709.3215680383946,1063805.3370526126,8.51745384244452,5.5414603042817765,55.58880426829736,NORMAL,NONE
2026-02-19 10:45:38.623037,78,MOT_009,1455.029804758447,1.447775214800099,2.3818606142539527,1.5026298640371174,24.0,883.3482900266831,1048119.1262609914,8.509181872870345,5.458484923748251,52.85965713351715,NORMAL,NONE
2026-02-19 10:49:18.623037,100,MOT_004,1489.5904381927676,1.4395142973130337,2.523911716564627,1.508326077715975,25.0,958.4106336024035,1036162.1790530694,8.512464636368266,5.42242194357102,54.446185839403164,NORMAL,NONE
2026-02-19 10:40:28.623037,47,MOT_005,1460.201182416478,1.451482148764355,2.506672484122443,1.5157188825147176,24.0,800.050414220461,1053778.6511052193,8.503524235156746,5.459858913922467,53.56302563498154,NORMAL,NONE
2026-02-19 10:54:48.623037,133,MOT_001,1475.119251382011,1.4406642232988456,2.4284227128259084,1.5087676746122742,25.0,760.2697751252491,1037910.1026357895,8.50738355194434,5.408650867067193,56.495691263411906,NORMAL,NONE
2026-02-19 10:42:58.623037,62,MOT_008,1487.4842983766423,1.449878172970095,2.4197410793790755,1.489555576306685,25.0,946.9253511182563,1051180.03871859,8.50710126903347,5.4987863178523275,56.38252318627057,NORMAL,NONE
2026-02-19 10:57:58.623037,200,MOT_009,1493.6296185546498,1.6961130126569313,3.4964431021425404,1.680593422136083,25.0,1146.5686731013334,1438470.242871624,8.538277899750101,8.814110244513012,88.77595816318366,ANOMALY,SURCHAUFFE
2026-02-19 10:57:58.623037,152,MOT_004,1440.9731180099923,3.81224516183965,8.594373572959066,3.0128601828139345,48.0,1984.6467102806823,7266959.534119285,8.536352456993752,8.842558448504253,64.03047837658345,ANOMALY,DESALIGNEMENT
2026-02-19 10:51:38.623037,114,MOT_001,1465.2182126536495,1.4512530164384059,2.5789340620937224,1.4911272348749494,24.0,719.409223443261,1053433.227112685,8.512216765824828,5.438885684680299,51.86110930682986,NORMAL,NONE
2026-02-19 10:56:08.623037,153,MOT_006,1447.1102948836208,3.891935938097043,6.313808727553481,1.5403352530503869,24.0,2647.177133841865,7573587.8134583365,8.534920962023028,8.86916787807192,66.2249536572399,ANOMALY,DESEQUILIBRE
2026-02-19 10:57:38.623037,186,MOT_009,1449.4024320787867,2.3216749666253897,4.2377277914089335,1.6235395213649595,24.0,1522.2975163191795,2695179.7653361177,15.764346840211303,17.077619567087478,72.20700398283283,ANOMALY,SURCHARGE_ELECTRIQUE
2026-02-19 10:57:08.623037,195,MOT_007,1493.1421723336982,1.6827491563916663,3.2313494383255272,1.684579475080184,25.0,1134.6801086256676,1416067.6336047752,8.5364063651461,8.929837256242196,75.85701195988888,ANOMALY,SURCHAUFFE
2026-02-19 10:57:08.623037,183,MOT_010,1426.2758908356402,2.302111526945955,3.9928482598924915,1.6232677414354315,24.0,1485.0213597775994,2650050.8027627915,15.759336920984794,17.010116474511044,75.72823964430397,ANOMALY,SURCHARGE_ELECTRIQUE
2026-02-19 10:57:48.623037,187,MOT_002,1445.4122890545582,2.31372018978493,4.130666254634251,1.6206256147920988,24.0,1570.2029886910607,2676705.310161501,15.75755076308345,17.0094229288518,68.44866780950488,ANOMALY,SURCHARGE_ELECTRIQUE
2026-02-19 10:56:08.623037,141,MOT_006,1497.745979710804,3.7876670409874955,9.173509621170677,3.032537327416532,50.0,2001.0604523812842,7173220.518467,8.531199122414872,8.869600250411214,66.35759918122714,ANOMALY,DESALIGNEMENT
2026-02-19 10:56:08.623037,189,MOT_009,1445.570674153836,1.6836919933884407,3.223465609967388,1.6812678769197433,24.0,1128.3924453478523,1418021.561745656,8.535103886449397,8.87741027384356,75.49919831341151,ANOMALY,SURCHAUFFE
2026-02-19 10:55:58.623037,140,MOT_008,1464.1501511728507,1.4418302499581475,2.537409529673737,1.5049367367774111,24.0,722.9761431320902,1039821.3107121045,8.508039330525872,5.402104298693865,55.05417731079377,NORMAL,NONE
2026-02-19 10:56:48.623037,145,MOT_009,1489.9450432235606,3.781660356948734,8.362287500076626,3.0394118068373874,50.0,1730.9195700592113,7151138.973161034,8.53774029819315,8.89462775271697,60.001507357708704,ANOMALY,DESALIGNEMENT
2026-02-19 10:35:28.623037,17,MOT_004,1466.479248245941,1.4361630806207055,2.4184160005762996,1.4944247143039315,24.0,680.0003014944942,1031818.7146396262,8.510057932517345,5.4668706443231425,60.87238897958251,NORMAL,NONE
2026-02-19 10:52:18.623037,118,MOT_004,1452.2935793878576,1.4494206438464183,2.4790722501765496,1.5234401424209367,24.0,917.8384101868717,1050525.81301986,8.514702406994825,5.508920054946096,57.066350161519054,NORMAL,NONE
2026-02-19 10:48:38.623037,96,MOT_010,1457.9034124934885,1.4484679089148595,2.461701426079387,1.4944434307852228,24.0,840.3493805513657,1049449.465398667,8.514444163860745,5.423419261278388,54.802773469704746,NORMAL,NONE
2026-02-19 10:56:48.623037,181,MOT_006,1441.4048912132282,2.309665746185793,4.144169499262974,1.6315899937809413,24.0,1595.0715140583734,2667392.903640691,15.761691993959444,17.017049800748655,71.9528114936479,ANOMALY,SURCHARGE_ELECTRIQUE
2026-02-19 10:57:28.623037,161,MOT_009,1491.1486545013959,3.8957203985600355,6.1022653879629996,1.5162174025190078,25.0,2673.997468952296,7588715.504442452,8.542904417154258,8.939043685018325,65.1932438275725,ANOMALY,DESEQUILIBRE
2026-02-19 10:39:58.623037,44,MOT_010,1483.2600339447004,1.4348347879966945,2.5478602053919177,1.5163332304774573,25.0,888.50262641544,1029642.600887785,8.511830872209934,5.428061650265854,51.51264980726917,NORMAL,NONE
2026-02-19 10:53:28.623037,125,MOT_008,1475.584150626089,1.4350636612005918,2.7143284581777904,1.5136776659628237,25.0,761.4180389295763,1029882.931417291,8.50931849134683,5.398018045878626,56.6442882303375,NORMAL,NONE
2026-02-19 10:34:28.623037,11,MOT_007,1475.8938743382282,1.436633904101112,2.533478841204249,1.5137072402968847,25.0,769.540898014652,1032256.2566218574,8.504727153439369,5.39540665731299,52.725979258733645,NORMAL,NONE
2026-02-19 10:49:08.623037,99,MOT_009,1453.7693663980783,1.4496485330634132,2.453615464076725,1.500675113634858,24.0,899.1330897521912,1050793.6914714465,8.510860096978007,5.437811995337038,58.33961473198877,NORMAL,NONE
2026-02-19 10:56:38.623037,192,MOT_003,1472.243137740279,1.6882089645293974,3.238259645588702,1.6885209997862949,25.0,820.4013647575664,1425388.4117412157,8.533191179662197,8.784061089505993,79.53328078772458,ANOMALY,SURCHAUFFE
2026-02-19 10:56:18.623037,154,MOT_005,1443.3717526816238,3.904398798973534,6.145502184749883,1.5335599734804204,24.0,2716.7738862103115,7622191.3000772325,8.535831898935406,8.766752134768558,65.72156060347702,ANOMALY,DESEQUILIBRE
2026-02-19 10:57:18.623037,172,MOT_009,1446.3029452752746,6.190319755524628,10.312963379483023,2.460081759489899,24.0,962.9778118061554,36754805.41625044,8.530891218206808,8.798799470213694,62.07013358548949,ANOMALY,DEFAUT_ROULEMENT
